published_at,title,summary,overall_sentiment_score,source,url
2025-12-05 13:08:36+00:00,Morgan Stanley was persuaded by Powell to shift rate-cut view to January. Now it's changing back to December.,"Morgan Stanley's economics team, led by Michael Gapen, initially shifted its prediction for the first rate cut to January 2026 due to Fed Chair Powell's hawkish rhetoric in October. However, with subsequent dovish messaging from the Fed and betting markets now indicating a high probability of a rate cut soon, Morgan Stanley is moving its 25 basis point rate cut prediction back to December. This adjustment reflects the team's belief that the Fed would prefer not to surprise the market.",0.086578,MarketWatch,https://www.marketwatch.com/livecoverage/stock-market-today-dow-s-p-500-and-nasdaq-set-for-gains-ahead-of-fed-s-preferred-inflation-gauge/card/morgan-stanley-was-persuaded-by-powell-to-shift-rate-cut-view-to-january-now-it-s-changing-back-to-december--QsuUVgriO1ZAbvKfcI0I?gaa_at=eafs&gaa_n=AWEtsqeZHZ98Cti0gspOHrkWnRxwl5WxHxlH7M8jQYwvribmQUqc8Himg-R3&gaa_ts=69330673&gaa_sig=XjhSUH28VBREVbV1W0AF6DNfP1OX9TB03qCXNUuMDHHcGwvm3ZzlIcLwVPQ46B9qEHiWWkbnt006Il1uwze4Nw%3D%3D
2025-12-05 15:43:54+00:00,Bank of America Shares Climb 23.1% YTD: Is It Too Late to Buy?," Bank of America (BAC) shares have risen 23.1% year-to-date, prompting investors to question if it's still a good time to buy. Strong fundamentals, including projected net interest income growth, an expanding physical and digital network, and a solid liquidity profile, suggest continued upside. Despite concerns about weakening asset quality due to continuous high interest rates, the company's medium-term strategy targets double-digit earnings growth, supported by investments in technology and a share repurchase plan.",0.318304,Finviz,https://finviz.com/news/246869/bank-of-america-shares-climb-231-ytd-is-it-too-late-to-buy
2025-12-05 16:07:51+00:00,BNY Mellon Stock Hits 52-Week High: Is This the Right Time to Invest?," BNY Mellon (BK) shares reached a new 52-week high, outperforming industry peers, the Zacks Finance Sector, and the S&P 500. The article explores factors supporting continued growth, such as higher interest rates, strategic acquisitions, and a strong balance sheet, while also addressing roadblocks like rising operating expenses and concentrated fee income. Despite some concerns, bullish analyst sentiments suggest BNY Mellon remains a lucrative investment.",0.323807,Eastern Progress,https://www.easternprogress.com/bny-mellon-stock-hits-52-week-high-is-this-the-right-time-to-invest/article_95562c8d-5052-5920-987a-ae8449940a9a.html
2025-12-06 03:53:36+00:00,Analyzing iShares $ Floating Rate Bond ETF (SXRR.DE) in the German Market," This article analyzes the iShares $ Floating Rate Bond UCITS ETF (SXRR.DE) on Germany's XETRA exchange. Despite historical price declines, the ETF exhibits low volatility, an attractive 5.04% dividend yield, and oversold technical indicators, suggesting potential for a price rebound. Its floating-rate nature offers resilience in a rising interest rate environment, making it an intriguing option for diversified portfolios.",0.109338,Meyka,https://meyka.com/blog/analyzing-ishares-floating-rate-bond-etf-sxrrde-in-the-german-market-0512/
2025-12-06 04:00:25+00:00,Here's Why You Should Build a Global Portfolio With ETFs," Global economic growth is showing signs of recovery despite previous downturns, with revised outlooks driven by AI investment. This article suggests that investors should broaden their portfolios beyond U.S.-centric holdings, particularly the ""Magnificent 7"" tech giants, by investing in global equity ETFs. These ETFs offer diversification, potential for higher risk-adjusted returns, and capitalize on anticipated Fed rate cuts and a weakening U.S. dollar.",0.304074,TradingView,https://www.tradingview.com/news/zacks:572806143094b:0-here-s-why-you-should-build-a-global-portfolio-with-etfs/
2025-12-06 04:11:43+00:00,Itau Unibanco’s Stock Faces Pressure Amidst Market Volatility,"Itau Unibanco Banco Holding SA (ITUB) is experiencing market volatility, with its stock trading down by -4.83%. Despite a dipping stock price and broad market fluctuations, the company shows underlying financial strength with a P/E ratio of 11.02 and a substantial dividend yield of 52.07%. As Brazilian interest rate policies and geopolitical factors continue to evolve, the bank will need strategic realignments to navigate systemic risks and capitalize on opportunities.",0.001,www.timothysykes.com,https://www.timothysykes.com/news/itauunibancobancoholdingsa-itub-news-2025_12_05-2/
2025-12-06 04:11:43+00:00,What Awaits Itau Unibanco Stock?," Itau Unibanco (ITUB) stock is down 4.96% amid market jitters, despite robust financial metrics including $192.78 billion in revenue and a 20.5% pre-tax profit margin. The company faces uncertainty due to global economic factors and interest rate decisions, even as it approaches its ex-dividend date with a 52.07% forward dividend yield. Analysts are debating whether the current downturn represents a buying opportunity or a signal for caution.",0.001,www.timothysykes.com,https://www.timothysykes.com/news/itau-unibanco-banco-holding-sa-itub-news-2025_12_05-2/
2025-12-06 04:34:25+00:00,Will 2026 be a Great Year for Banks? ETFs in Focus,"The banking sector is poised for a strong performance in 2026, driven by favorable interest rates, improving credit demand, and robust capital market activities. The sector's positive outlook is supported by strong Zacks Ranks, a potential steepening of the yield curve, attractive valuations, and resilient deal-making despite economic uncertainties. Several financial ETFs, including KBWB, IYG, IYF, XLF, VFH, and FTXO, are highlighted as potential beneficiaries of this favorable environment.",0.413689,TradingView,https://www.tradingview.com/news/zacks:ab290c205094b:0-will-2026-be-a-great-year-for-banks-etfs-in-focus/
2025-12-06 05:02:36+00:00,Heavy Tech Weighting Poses Challenge for iShares MSCI World ETF,"The iShares MSCI World ETF, with over $6.6 billion in assets, faces performance challenges due to a significant rotation away from highly valued technology stocks into more defensive sectors. The ETF's heavy concentration in U.S. technology giants, making up over 70% of its portfolio, is a key risk factor amid reassessments of AI equities and expectations of a Federal Reserve interest rate cut. The article questions whether investors should buy or sell the MSCI World ETF given its tech-heavy composition and ongoing market shifts.",0.001,AD HOC NEWS,https://www.ad-hoc-news.de/boerse/news/ueberblick/heavy-tech-weighting-poses-challenge-for-ishares-msci-world-etf/68409941
2025-12-06 05:10:59+00:00,"Jim Zelter Discusses Credit Markets, AI Infrastructure and Economic Resilience on Bloomberg TV"," Jim Zelter, President of Apollo Global Management, discussed credit markets, AI infrastructure, and economic resilience on Bloomberg TV. He highlighted the significant capital required for AI-related data centers, estimating $5-7 trillion over the next 5-7 years, which will reshape public and private credit markets. Zelter noted that despite concerns about overvalued technology stocks and inflation, the U.S. economy shows remarkable resilience, supported by fiscal spending, a robust CapEx cycle, and active M&A.",0.218855,Apollo Global Management,https://www.apollo.com/insights-news/insights/2025/12/jim-zelter-discusses-credit-markets-ai-infrastructure-and-economic-resilience-on-bloomberg-tv
2025-12-06 08:09:54+00:00,Yield Advantage: Why EM Local Bonds Are Leading DM Bonds in 2025,"Emerging market (EM) local currency bonds have delivered strong performance in 2025, outpacing most fixed income segments due to high real yields, improved policy credibility, and robust fundamentals. EM central banks' proactive tightening against inflation has resulted in attractive yields and increased resilience to external shocks, making them a compelling option for diversification within fixed income portfolios.",0.402505,VanEck,https://www.vaneck.com/us/en/blogs/emerging-markets-bonds/yield-advantage-why-em-local-bonds-are-leading-dm-bonds-in-2025/
2025-12-06 08:10:20+00:00,Yield Advantage: Why EM Local Bonds Are Leading DM Bonds in 2025," Emerging Market (EM) local currency bonds have significantly outperformed Developed Market (DM) bonds in 2025, driven by high real yields, improved policy credibility, and robust fundamentals. This asset class offers attractive income and diversification benefits, proving resilient to external shocks despite initial concerns about currency devaluation. EM policymakers' disciplined approach to monetary policy and debt management has bolstered investor confidence and performance.",0.439189,VanEck,https://www.vaneck.com/br/en/news-and-insights/blogs/emerging-market-bonds/yield-advantage-why-em-local-bonds-are-leading-dm-bonds-in-2025/
2025-12-07 04:23:32+00:00,INTF: Low-Cost Option For International Factor Exposure (NYSEARCA:INTF)," The iShares International Equity Factor ETF (INTF) has outperformed plain international developed market ETFs over the past five years by focusing on cheap cyclical sectors, though it has less exposure to AI stocks. INTF offers a 2.64% dividend but faces risks from slower GDP growth, strong AI stock performance, and currency fluctuations in 2026. The ETF presents a low-cost option for investors seeking international factor exposure.",0.337145,Seeking Alpha,https://seekingalpha.com/article/4850941-intf-low-cost-option-for-international-factor-exposure
2025-12-07 04:43:46+00:00,Bank of N.T. Butterfield & Son (NTB) Is Up 5.7% After Aggressive Buybacks Amid Analyst Downgrade – Has The Bull Case Changed?,"Bank of N.T. Butterfield & Son (NTB) recently saw its stock rise 5.7% following aggressive share buybacks, despite a downgrade from Wells Fargo due to concerns over interest rate cuts. This situation highlights a conflict between management's confidence in returning capital through buybacks and dividends, and analyst caution regarding the bank's sensitivity to changing interest rates and deposit stability. Investors face a trade-off between current income and risks associated with interest rate fluctuations and concentrated offshore banking operations.",0.001,Simply Wall Street,https://simplywall.st/stocks/us/banks/nyse-ntb/bank-of-nt-butterfield-son/news/bank-of-nt-butterfield-son-ntb-is-up-57-after-aggressive-buy
2025-12-07 10:22:00+00:00,Gold’s Record Run Fuels Surge for VanEck Merk Gold Trust (OUNZ)," The VanEck Merk Gold Trust (OUNZ) significantly appreciates as gold breaks the $4,000 per ounce threshold, driven by central bank acquisitions and potential U.S. Federal Reserve interest rate cuts. OUNZ has seen a 59% year-to-date return, with its robust AUM of $2.4 billion and a unique physical redemption feature. The ongoing strength depends heavily on U.S. monetary policy and geopolitical developments, with investors keenly watching the Fed's December decision.",0.730428,AD HOC NEWS,https://www.ad-hoc-news.de/boerse/news/ueberblick/gold-s-record-run-fuels-surge-for-vaneck-merk-gold-trust-ounz/68411226
2025-12-07 21:00:50+00:00,Bitcoin (BTC-USD) Slips to $84K as ETF Outflows Hit $3.79B Led by IBIT ETF — Fed Pivot Could Ignite 2026 Rally," Bitcoin has experienced its largest monthly ETF withdrawal, totaling $3.79 billion in November, primarily from BlackRock's IBIT and Fidelity's FBTC, leading to a significant price drop. Despite these outflows, institutional holders remain stable, and analysts suggest a Federal Reserve rate cut could reignite demand and position Bitcoin for a recovery towards $100,000 in 2026. This period is seen as short-term volatility and a ""liquidity rotation"" rather than a structural collapse, especially as altcoin ETFs gain traction.",0.001,TradingNEWS,https://www.tradingnews.com/news/bitcoin-btc-usd-slips-to-85k-usd-etf-outflows-hit-3b-usd
2025-12-07 22:34:00+00:00,Spotting Winners: OFG Bancorp (NYSE:OFG) And Regional Banks Stocks In Q3,"This article reviews the Q3 performance of regional banks, highlighting OFG Bancorp's in-line revenue but missed EPS. It also identifies Customers Bancorp as the best performer with strong revenue and net interest income beats, while The Bancorp was the weakest due to significant misses in revenue and net interest income. The piece concludes with a market update noting the positive impact of Fed rate cuts and Trump's November win on markets.",0.001,Markets Financial Content,https://markets.financialcontent.com/stocks/article/stockstory-2025-12-8-spotting-winners-ofg-bancorp-nyseofg-and-regional-banks-stocks-in-q3
2025-12-08 10:33:00+00:00,Q3 Earnings Highlights: Bowhead Specialty (NYSE:BOW) Vs The Rest Of The Property & Casualty Insurance Stocks," This article reviews the Q3 earnings performance of various property & casualty insurance stocks, highlighting Bowhead Specialty's strong quarter with increased revenues and adjusted net income. It also covers the performance of other companies like Root, Selective Insurance Group, Fidelity National Financial, and Lemonade, discussing their revenue beats, EPS estimates, and market reactions. The broader market context, including inflation, interest rates, and the impact of the US Presidential Election, is also considered.",0.496244,Yahoo Finance,https://finance.yahoo.com/news/q3-earnings-highlights-bowhead-specialty-033308431.html
2025-12-08 11:08:43+00:00,"U.S. stocks face a ’bullish set-up’, Morgan Stanley’s Wilson says"," Morgan Stanley strategist Michael Wilson believes U.S. equities are poised for a ""bullish set-up"" entering 2026, driven by broadening market leadership, strengthening earnings, and a moderately weakening labor market. He highlights Consumer Discretionary Goods and Small Caps as sectors expected to lead the market higher. Wilson also suggests that despite potential ""hawkish cut"" expectations at the upcoming FOMC meeting, signs of a directionally weakening labor market present a bullish outlook for stocks.",0.373049,Investing.com,https://www.investing.com/news/stock-market-news/us-stocks-face-a-bullish-setup-morgan-stanleys-wilson-says-4395556
2025-12-08 14:10:17+00:00,Ermotti's Advice To Investors For 2026," UBS Group CEO Sergio Ermotti shared his perspectives for 2026 at the Abu Dhabi Finance Week, focusing on two key questions: whether inflation is truly under control and if artificial intelligence will continue to attract significant investment or if a bubble is forming. He advises investors to diversify portfolios and maintain a healthy cash reserve. Ermotti also expressed concerns about Europe's geopolitical fragility, highlighting the lack of a unified foreign policy among EU states.",0.131582,finews.com,https://www.finews.com/news/english-news/70470-sergio-emotti-ubs-ceo-advice-investors-2026-outlook-abu-dhabi-finance-week-middle-east-gulf
2025-12-08 14:12:05+00:00,T. ROWE PRICE'S INAUGURAL GLOBAL RETIREMENT SURVEY FINDS ONE-THIRD OF SAVERS EXPECT TO WORK IN RETIREMENT,"T. Rowe Price's inaugural Global Retirement Savers Study reveals that nearly 34% of retirement savers worldwide, and 37% in the U.S., expect to work part-time after retiring. The study, which surveyed over 7,000 savers across five countries, also highlighted significant economic uncertainty, with 50% anticipating a recession by mid-2026 and inflation as a top concern. This research aims to inform new strategies and solutions to build financial security and confidence for retirement savers.",0.435278,PR Newswire,https://www.prnewswire.com/news-releases/t-rowe-prices-inaugural-global-retirement-survey-finds-one-third-of-savers-expect-to-work-in-retirement-302635421.html
2025-12-08 15:09:43+00:00,"Zacks.com featured highlights include NB Bancorp, Innovative Aerosystems and Capitol Federal"," This article highlights three stocks—NB Bancorp (NBBK), Innovative Aerosystems (ISSC), and Capitol Federal Financial (CFFN)—that have recently received new analyst coverage. New analyst coverage is seen as crucial in an uncertain economic climate and can lead to increased investor interest and stock price movements. The article provides financial details and growth prospects for each company, emphasizing the value of fresh analyst insights for investors.",0.386257,www.sharewise.com,https://www.sharewise.com/de/news_articles/Zackscom_featured_highlights_include_NB_Bancorp_Innovative_Aerosystems_and_Capitol_Federal_Zacks_20251208_1042/amp
2025-12-08 16:08:28+00:00,Video: Huntington Bank’s ‘Three Things Learned this Week’,"Huntington Bank officials regularly publish a ""The Three Things We Learned This Week"" blog. This week's video features Director of Equity Research, Randy Hare, discussing the shift from inflation concerns to stronger economic growth. He also analyzes new holiday retail sales data and predicts lower gas prices.",0.143996,RVBusiness,https://rvbusiness.com/video-huntington-banks-three-things-learned-this-week-6
2025-12-08 21:09:35+00:00,Winners And Losers Of Q3: American Financial Group (NYSE:AFG) Vs The Rest Of The Property & Casualty Insurance Stocks," This article examines the Q3 performance of American Financial Group (NYSE:AFG) and other property & casualty insurance stocks, highlighting the strong overall quarter for the sector despite challenges like climate change and social inflation. While American Financial Group reported strong results, other companies like Root (NASDAQ:ROOT), Selective Insurance Group (NASDAQ:SIGI), Erie Indemnity (NASDAQ:ERIE), and Skyward Specialty Insurance (NASDAQ:SKWD) also had notable Q3 performances, ranging from impressive beats to disappointing misses on analysts' expectations. The report also provides a brief market update noting the impact of recent interest rate cuts and political events on market performance.",0.001,The Globe and Mail,https://www.theglobeandmail.com/investing/markets/stocks/AFG-N/pressreleases/36544531/winners-and-losers-of-q3-american-financial-group-nyseafg-vs-the-rest-of-the-property-casualty-insurance-stocks/
2025-12-08 22:33:00+00:00,Custody Bank Q3 Earnings: Franklin Resources (NYSE:BEN) is the Best in the Biz,"Franklin Resources (NYSE:BEN) is highlighted as the top performer among custody banks in Q3, reporting revenues of $1.82 billion, a 5.7% year-on-year increase that exceeded analyst expectations by 4.8%. This strong performance contributed to an overall positive quarter for custody bank stocks, with revenues beating consensus estimates by 3.1% collectively. Invesco (NYSE:IVZ) also had a strong quarter, while P10 (NYSE:PX) showed the weakest performance against analyst estimates.",0.399119,Finviz,https://finviz.com/news/249181/custody-bank-q3-earnings-franklin-resources-nyse-ben-is-the-best-in-the-biz
2025-12-08 22:36:00+00:00,Personal Loan Stocks Q3 In Review: LendingClub (NYSE:LC) Vs Peers,"The article reviews the Q3 performance of personal loan stocks, highlighting LendingClub (NYSE:LC) which saw strong revenue growth and exceeded analyst expectations. It also details the performance of other key players such as Dave (NASDAQ:DAVE) and Enova (NYSE:ENVA), noting Dave's significant analyst beat despite a stock drop, and Enova's steady growth. The report concludes with a market update on interest rates and the stock market's reaction.",0.420034,Finviz,https://finviz.com/news/250246/personal-loan-stocks-q3-in-review-lendingclub-nyse-lc-vs-peers
2025-12-09 06:46:15+00:00,NYSE Content Advisory: Pre-Market Update + ICE Data Show Home Affordability at Nearly Three-Year High," The NYSE provides a daily pre-market update, highlighting insights before trading begins. The market is anticipating a Federal Reserve interest rate cut, with the S&P 500 nearing a record high. Additionally, ICE's Mortgage Monitor indicates home affordability has reached a nearly three-year high, leading to increased mortgage refinancing activity.",0.314076,Investing News Network,https://investingnews.com/nyse-content-advisory-pre-market-update-ice-data-show-home-affordability-at-nearly-three-year-high/
2025-12-09 12:08:31+00:00,"Expect Tough Love from Fed's Powell, Says Goldman Sachs"," Goldman Sachs analysts anticipate that Federal Reserve Chair Jerome Powell will signal a higher bar for future interest rate cuts, despite the near certainty of a rate cut tomorrow. They predict a hawkish tone from Powell, with some officials opposing the cut and projecting more aggressive rate paths for 2026, due to a lack of recent economic data.",0.142948,The Wall Street Journal,https://www.wsj.com/livecoverage/stock-market-today-dow-sp-500-nasdaq-12-09-2025/card/expect-tough-love-from-fed-s-powell-says-goldman-sachs-7qGhPGBGy41cRHF0sLTs?gaa_at=eafs&gaa_n=AWEtsqdAwZUi1KnlGlhBqqhX2v0npxunWKqBTSsNuFI_Yz9VEXOtXetPR03p&gaa_ts=69382240&gaa_sig=G5-fdXhTUW6SleQ1LcWpRao7cNI0ezw08NOos-8EUrngGdAGL9UG8ESkdDQG5Xj0SMTan61wIjK22YbIqH2AYw%3D%3D
2025-12-09 12:09:13+00:00,RBC Expects Bank Of Canada To Hold Steady On Rates," Royal Bank of Canada (RBC) anticipates the Bank of Canada will maintain its current interest rates at the upcoming meeting due to solid economic growth, job gains, and resilient households in Canada. Despite inflation remaining above the 2% target, RBC believes the central bank will prioritize stability, suggesting predictable conditions for financial markets, particularly banking and real estate. The decision reflects a cautious approach similar to other major economies balancing inflation concerns and growth uncertainty.",0.26646,Finimize,https://finimize.com/content/rbc-expects-bank-of-canada-to-hold-steady-on-rates
2025-12-09 13:24:38+00:00,Is KeyCorp Still Attractive After 2025 Rally and Mixed Valuation Signals?,"KeyCorp (NYSE:KEY) has seen a significant rally in 2025, but its current valuation presents mixed signals. While an Excess Returns analysis suggests the stock is undervalued by nearly 39%, its Price-to-Earnings ratio of 22.7x is significantly higher than industry averages, indicating it might be overvalued based on traditional P/E metrics. Investors are encouraged to explore different valuation ""Narratives"" on Simply Wall St's community platform to form a comprehensive view of KeyCorp's true worth.",0.153241,Simply Wall Street,https://simplywall.st/stocks/us/banks/nyse-key/keycorp/news/is-keycorp-still-attractive-after-2025-rally-and-mixed-valua
2025-12-09 16:23:18+00:00,Why KeyCorp (KEY) Stock Is Trading Up Today," KeyCorp's stock jumped after a positive investor presentation at the Goldman Sachs Financial Services Conference, highlighting expectations for record revenue growth of over 15% year-over-year and a net interest income increase of over 22%. The company also announced plans to repurchase approximately $200 million in shares in the fourth quarter. This news, combined with recent optimism for interest rate cuts, has pushed KeyCorp to a new 52-week high, with the stock up 19.1% year-to-date.",0.484988,TradingView,https://www.tradingview.com/news/stockstory:a736c6e85094b:0-why-keycorp-key-stock-is-trading-up-today/
2025-12-09 16:24:00+00:00,JPMorgan Weighs on Dow as Russell 2000 Hits Record High,"The Dow experienced a decline due to J.P. Morgan & Chase's underperformance, though some losses were pared as investors anticipated the upcoming interest rate decision. The Russell 2000 Index reached an intraday record high, while the S&P 500 and Nasdaq finished mixed amidst quiet trading. There's an 87% chance of a rate cut by the end of 2025, and worker resignations hit a five-year low in October.",0.04933,Finviz,https://finviz.com/news/250060/jpmorgan-weighs-on-dow-as-russell-2000-hits-record-high
2025-12-09 19:08:48+00:00,A Financial System Built for Purpose," This article discusses the evolving financial landscape, highlighting the increasing role of private markets and private credit in financing long-term investments like infrastructure and energy transition projects. Marc Rowan of Apollo Global Management and Ravi Menon emphasize the need for regulatory frameworks to adapt to these changes, recognizing the distinct risk profiles of private versus public capital. They conclude that long-term, flexible capital is crucial for economic transformation.",0.268219,Apollo Global Management,https://www.apollo.com/insights-news/insights/2025/12/a-financial-system-built-for-purpose
2025-12-09 19:09:37+00:00,Canada's Economic Surprises Fail To Impress Deutsche Bank," Despite Canada's strong economic reports, including job growth and better-than-expected GDP, Deutsche Bank (DB) remains cautious about the Bank of Canada's (BoC) approach to interest rates. Deutsche Bank expects the BoC to keep rates steady, influenced by the US Federal Reserve, and is not convinced by the Canadian dollar's outlook due to soft exports and reliance on foreign investment. Markets have shifted from expecting rate cuts to pricing in rate hikes, but DB warns the Canadian dollar could weaken if future data disappoints.",0.033151,Finimize,https://finimize.com/content/canadas-economic-surprises-fail-to-impress-deutsche-bank
2025-12-09 21:09:44+00:00,JPMorgan stock tumbles over 4% after company warns on higher spending in 2026,"JPMorgan stock experienced a significant drop of over 4% after executive Marianne Lake projected higher expenses for the company in 2026. These anticipated cost increases are attributed to intensified competition in the credit card market and substantial investments in artificial intelligence, making JPMorgan the biggest loser in the Dow Jones Industrial Average on Tuesday. Despite the spending, the bank remains confident in its long-term strategy for deposit and credit card market share.",0.001,Yahoo Finance,https://finance.yahoo.com/news/jpmorgan-stock-tumbles-over-4-after-company-warns-on-higher-spending-in-2026-195605298.html
2025-12-09 23:08:47+00:00,"SoFi Stock After Hours on December 9, 2025: Equity Offering Fallout, Fed Meeting Looms, and What to Watch Before the December 10 Open"," SoFi Technologies (NASDAQ: SOFI) stock experienced a slight rebound in after-hours trading on December 9, 2025, after a day of selling pressure linked to a recent $1.5 billion equity offering. Investors are keenly watching the upcoming Federal Reserve decision, which could significantly impact SoFi's lending and banking businesses, alongside the continued market digestion of the equity raise and the potential impact of new strategic partnerships like that with Templum. Despite strong fundamentals and recent record quarterly results, the stock faces volatility due to valuation concerns and macro uncertainties.",0.001,ts2.tech,https://ts2.tech/en/sofi-stock-after-hours-on-december-9-2025-equity-offering-fallout-fed-meeting-looms-and-what-to-watch-before-the-december-10-open/
2025-12-10 01:09:16+00:00,Key facts: Barclays predicts Fed rate cuts; shares repurchased; UK spending muted,"Barclays forecasts two additional 25 basis point rate cuts by the Federal Reserve in March and June 2026. The company also repurchased nearly 20 million shares on December 9, 2025. Additionally, consumer spending in the UK remained muted in the final quarter of 2025, despite the Black Friday boost, indicating economic deceleration.",0.037979,TradingView,https://www.tradingview.com/news/tradingview:10cc2885eadc2:0-key-facts-barclays-predicts-fed-rate-cuts-shares-repurchased-uk-spending-muted/
2025-12-10 01:11:18+00:00,Spotting Winners: Citizens Financial Group (NYSE:CFG) And Regional Banks Stocks In Q3," This article reviews the Q3 performance of regional banks, highlighting Citizens Financial Group (NYSE:CFG) as a key player. It delves into the industry's opportunities and challenges, alongside specific Q3 results for Customers Bancorp (NYSE:CUBI), The Bancorp (NASDAQ:TBBK), First Financial Bancorp (NASDAQ:FFBC), and Independent Bank (NASDAQ:INDB). The piece also provides a brief market update discussing the impact of Fed rate hikes and recent stock market performance.",0.241851,Finviz,https://finviz.com/news/250279/spotting-winners-citizens-financial-group-nyse-cfg-and-regional-banks-stocks-in-q3
2025-12-10 06:08:37+00:00,Why KeyCorp (KEY) Stock Is Trading Up Today," KeyCorp (NYSE:KEY) shares surged 3.9% after the company presented a positive outlook at the Goldman Sachs Financial Services Conference, projecting record revenue growth of over 15% and a more than 22% increase in net interest income. The company also announced plans to repurchase $200 million in shares during the fourth quarter, with a remaining authorization of $800 million for capital returns. This news, combined with recent optimism for interest rate cuts, has driven KeyCorp's stock up 19.1% year-to-date, reaching a new 52-week high.",0.401475,The Globe and Mail,https://www.theglobeandmail.com/investing/markets/stocks/KEY-N/pressreleases/36532977/why-keycorp-key-stock-is-trading-up-today/
2025-12-10 13:08:59+00:00,2 Major Regional Banks to Buy as Industry Prospects Remain Favorable," The Zacks Major Regional Banks industry is expected to benefit from Federal Reserve interest rate cuts, leading to improved net interest income and loan demand, despite some near-term asset quality concerns. The article highlights The Bank of New York Mellon Corporation (BK) and U.S. Bancorp (USB) as strong buys within this sector, driven by their growth initiatives, strategic acquisitions, and robust financial standing. Both companies are rated Zacks Rank #2 (Buy) and show promising earnings growth forecasts.",0.33963,TradingView,https://www.tradingview.com/news/zacks:3bdfe54ec094b:0-2-major-regional-banks-to-buy-as-industry-prospects-remain-favorable/
2025-12-10 14:04:09+00:00,"Wells Fargo (NYSE: WFC) 2026 outlook sees S&P 500 at 7,400–7,600 amid Fed cuts"," Wells Fargo Investment Institute (WFII) released its “2026 Outlook report: Trendlines over headlines,” forecasting significant market growth driven by Federal Reserve interest rate cuts, deregulation, and tax incentives. WFII expects U.S. GDP growth of 2.4% and an S&P 500 target range of 7,400–7,600 for 2026. The report emphasizes focusing on these fundamental trends rather than daily headlines, recommending investments in U.S. large- and mid-cap equities, industrial and precious metals, and select international equity allocations.",0.323024,Stock Titan,https://www.stocktitan.net/news/WFC/wells-fargo-investment-institute-2026-poised-for-markets-growth-as-et12uby2wa2a.html
2025-12-10 14:09:03+00:00,Wells Fargo Investment Institute: 2026 Poised for Markets Growth as Familiar Trends Create Potential Opportunities," Wells Fargo Investment Institute (WFII) forecasts significant market growth in 2026, driven by existing economic and policy trends like increased technology spending, deregulation, and Federal Reserve interest rate cuts. The ""2026 Outlook report: Trendlines over headlines"" suggests these factors will create substantial investment opportunities, moving past daily market noise. WFII recommends focusing on U.S. large- and mid-cap equities, industrial and precious metals, international equities, and intermediate-term investment-grade securities, and highlights five key investment ideas including technology and digital assets.",0.382528,Business Wire,https://www.businesswire.com/news/home/20251210647088/en/Wells-Fargo-Investment-Institute-2026-Poised-for-Markets-Growth-as-Familiar-Trends-Create-Potential-Opportunities
2025-12-10 19:08:56+00:00,"T. Rowe Price (TROW) Stock Trades Down, Here Is Why"," Shares of T. Rowe Price (NASDAQ:TROW) fell 3.1% after the company reported preliminary month-end assets under management for November showing significant net outflows of $8.0 billion. This decrease in AUM and net outflows can signal reduced investor confidence and negatively impact fee-based revenue. Despite the downturn, the stock's low volatility suggests this news is meaningful but might not fundamentally alter the perception of the business, presenting a potential buying opportunity for high-quality stock investors.",0.001,Finviz,https://finviz.com/news/250979/t-rowe-price-trow-stock-trades-down-here-is-why
2025-12-10 21:08:48+00:00,"Royal Caribbean (RCL) Stock Surges On Fed Rate Cut, $2 Billion Buyback Plan","Royal Caribbean (NYSE: RCL) shares rallied following the announcement of a $2 billion share repurchase program and a quarterly dividend of $1 per share. Concurrently, the Federal Reserve cut interest rates by 25 basis points, benefiting the capital-intensive cruise industry by reducing borrowing costs and potentially increasing consumer discretionary spending. This combination of internal capital return and supportive monetary policy has fueled a positive investor response for RCL.",0.465176,Benzinga,https://www.benzinga.com/trading-ideas/movers/25/12/49320222/royal-caribbean-rcl-stock-surges-on-fed-rate-cut-2-billion-buyback-plan
2025-12-10 22:09:25+00:00,"Western Alliance Bancorporation (WAL) Stock Trades Up, Here Is Why"," Shares of Western Alliance Bancorporation (WAL) rose by 4.2% after the Federal Reserve's third and final interest rate cut of the year, lowering the federal funds rate by 25 basis points. This dovish action, along with signals from Chair Jerome Powell, caused a market rally. The market anticipates further rate reductions, which benefits corporate valuations and boosts the equity market.",0.288302,Markets Financial Content,https://markets.financialcontent.com/wral/article/stockstory-2025-12-10-western-alliance-bancorporation-wal-stock-trades-up-here-is-why
2025-12-11 00:00:45+00:00,Northern Trust (NTRS) Reduces Prime Rate to 6.75%,"Northern Trust (NTRS) has reduced its prime rate from 7.00% to 6.75%, effective December 11, to maintain competitiveness in the market. The company, a major player in financial services with strong financial health and consistent revenue growth, aims to offer more attractive borrowing rates. Despite a balanced financial position, its stock is considered modestly overvalued with strong institutional ownership.",0.11792,GuruFocus,https://www.gurufocus.com/news/3244314/northern-trust-ntrs-reduces-prime-rate-to-675
2025-12-11 07:34:27+00:00,Understanding asset-backed commercial paper (ABCP)," Asset-backed commercial paper (ABCP) is a short-term debt instrument combining commercial paper with securitization, typically maturing in under 397 days. Issued by bankruptcy-remote special purpose vehicles, ABCP provides flexible funding for banks and financial institutions, offering liquidity and yield enhancement to investors. The article explains its function, including how SPVs use proceeds to purchase assets as collateral and the role of liquidity support from sponsoring banks.",0.202776,Invesco,https://www.invesco.com/us/en/insights/abcp.html
2025-12-11 12:09:01+00:00,Zacks Industry Outlook Highlights The Bank of New York Mellon and U.S. Bancorp,"Zacks Equity Research discusses The Bank of New York Mellon Corp. (BK) and U.S. Bancorp (USB) as two major regional banks poised for growth despite weak asset quality in the industry. The outlook suggests that declining interest rates, modest economic growth, and strategic restructuring efforts will support their net interest income and loan demand. Both companies are highlighted for their growth initiatives, including digital transformation, acquisitions, and expansion into new markets.",0.431191,The Globe and Mail,https://www.theglobeandmail.com/investing/markets/stocks/USB/pressreleases/36567537/zacks-industry-outlook-highlights-the-bank-of-new-york-mellon-and-us-bancorp/
2025-12-11 14:09:18+00:00,Is It Time To Reassess Associated Banc-Corp After Its 97.4% Five Year Surge?," Associated Banc-Corp (NYSE:ASB) has seen a significant 97.4% surge over five years, prompting a reevaluation of its current valuation. While an Excess Returns analysis suggests the stock is undervalued by 38.7%, its current P/E ratio of 27.0x is well above the industry average, indicating it might be overvalued based on earnings. The article encourages investors to use ""Narratives"" for a more nuanced valuation approach, considering specific business outlooks.",0.030829,Simply Wall Street,https://simplywall.st/stocks/us/banks/nyse-asb/associated-banc-corp/news/is-it-time-to-reassess-associated-banc-corp-after-its-974-fi
2025-12-11 15:43:00+00:00,Fixed Income Renaissance: Vanguard ETFs Poised for Growth in 2026 Amidst Elevated Yields," The fixed income market is attracting significant investor attention for 2026, driven by elevated long-end yields and anticipated Federal Reserve monetary policy adjustments, particularly rate cuts. This environment is expected to create compelling opportunities for bond investments, with high-quality fixed income offerings, especially Vanguard's bond ETFs, poised to deliver attractive real returns and portfolio diversification. While inflation and increased bond supply present complexities, strategic allocations to intermediate-term and high-yield bonds are recommended for income generation and risk management.",0.400924,Markets Financial Content,https://markets.financialcontent.com/stocks/article/marketminute-2025-12-11-fixed-income-renaissance-vanguard-etfs-poised-for-growth-in-2026-amidst-elevated-yields
